My 600 Pound Life,TLC
Hoarders,A&E
Saturday Night Live,NBC
The Simpsons,Fox
The Big Bang Theory,CBS
Modern Family,ABC
Bob’s Burgers,Fox
Archer,FXX
New Girl,Fox
Brooklyn Nine-Nine,Fox
South Park,Comedy Central
It’s Always Sunny in Philadelphia,FXX
Louie,FX
The Goldbergs,ABC
Mom,CBS
Fargo,FX
American Dad,TBS
The Late Show with Stephen Colbert,CBS
Family Guy,Fox
The Last Man on Earth,Fox
Black-ish,ABC
BrainDead,CBS
Preacher,AMC
Life in Pieces,CBS
Dr. Ken,ABC
Angie Tribeca,TBS
The Detour,TBS
Baskets,FX
Great News,NBC
Better Call Saul,AMC
Genius,National Geographic
Brockmire,IFC
People of Earth,TBS
The Mick,Fox
The Good Place,NBC
Rick and Morty,Cartoon Network/Adult Swim
Trial & Error,NBC
Making History,Fox
The Great Indoors,CBS
Superior Donuts,CBS
Powerless,NBC
Detroiters,Comedy Central
Better Things,FX
Son of Zorn,Fox
Superstore,NBC
The First 48,A&E
Fit to Fat to Fit,A&E
Intervention,A&E
Live PD,A&E
The Lowe Files,A&E
Storage Wars,A&E
Wahlburgers,A&E
The Walking Dead,AMC
Halt and Catch Fire,AMC
Humans,AMC
Fear the Walking Dead,AMC
Into the Badlands,AMC
The Son,AMC
Loaded,AMC
Comic Book Men,AMC