My 600 Pound Life,1
Hoarders,1
Saturday Night Live,5
The Simpsons,5
The Big Bang Theory,5
Modern Family,5
Bob’s Burgers,5
Archer,5
New Girl,3
Brooklyn Nine-Nine,3
South Park,3
It’s Always Sunny in Philadelphia,3
Louie,3
The Goldbergs,5
Mom,3
Fargo,5
American Dad,3
The Late Show with Stephen Colbert,1
Family Guy,5
The Last Man on Earth,3
Black-ish,5
BrainDead,3
Preacher,3
Life in Pieces,3
Dr. Ken,3
Angie Trebeca,3
Baskets,1
Great News,1
Better Call Saul,5
Trial & Error,1
Making History,1
Genius,5
Brockmire,3
People of Earth,3
The Detour,3
The Mick,1
The Great Indoors,1
Superior Donuts,1
Powerless,1
Detroiters,3
Better Things,1
The Good Place,1
Son of Zorn,1
Rick and Morty,5
Superstore,3